Attribute,Source,,
Decision-making Skills,LLM Ensemble,,
Learning Style,LLM Ensemble,,
Learning Preferences,LLM Ensemble,,
Learning Pace,LLM Ensemble,,
Academic Goals,LLM Ensemble,,
Motivation Factors,LLM Ensemble,,
Attention Span,LLM Ensemble,,
Collaboration Skills ,LLM Ensemble,,
Communication Skills,LLM Ensemble,,
Resilience,LLM Ensemble,,
Learning Motivation,LLM Ensemble,,LLM Ensemble
Technology Proficiency,LLM Ensemble,,
Reading Level,LLM Ensemble,,
Problem-solving Skills,LLM Ensemble,,
Teacher Patience Level ,Montessori,,
Teacher Social-Emotional Skills ,Montessori,,
Teacher Ability to Focus,Montessori,,
